No.,KEGG ID,Compound name_ori,Compound name_DB,DMS273_HPRT1-KO vs DMS273_WT (ratio),DMS273_HPRT1-KO vs DMS273_WT (p-value)
1,C02494,1-Methyladenosine,1-methyladenosine,0.914681574,0.403395305
2,C05127,1-Methylhistamine,1-methylhistamine,0.964457645,1
3,C02918,1-Methylnicotinamide,1-methylnicotinamide,1.656526573,0.01218578
4,C01159,"2,3-DPG","2,3-Bisphospho-D-glycerate",1.729947084,0.665005542
5,C02356,2AB,(S)-2-Aminobutanoate,0.679221724,0.094692943
6,C00881,2'-Deoxycytidine,Deoxycytidine,1.005996556,0.834531623
7,C06369,2-Deoxyglucose 6-phosphate,2-Deoxyglucose 6-phosphate,0.424838963,0.01218578
8,C00330,2'-Deoxyguanosine,Deoxyguanosine,3.354878967,0.02536986
9,C05984,2-Hydroxybutyrate,2-hydroxybutyrate,0.519414314,0.01218578
10,C02630,2-Hydroxyglutarate,2-hydroxyglutarate,2.531000309,0.01218578
11,-,2-Hydroxyisobutyrate,2-hydroxyisobutyrate,1.174137917,0.01218578
12,-,2-Hydroxypentanoate,2-Hydroxyvaleric acid,0.751266437,0.143672082
13,C00141,2-Oxoisopentanoate,Ketovaline,0.605617788,0.332921608
14,C00631,2PG,2-phosphoglycerate,1.185180555,1
15,C05145,3-Aminoisobutyrate,3-aminoisobutyrate,1.286849651,0.094692943
16,C03761,3-Hydroxy-3-methylglutarate,3-Hydroxy-3-methylglutarate,0.738401775,0.210075041
17,C01089,3-Hydroxybutyrate,3-Hydroxybutyric acid,0.621494334,0.060102806
18,-,3-Indoxyl sulfate,Indoxyl sulfate,2.013708819,0.060102806
19,C01152,3-Methylhistidine,1-Methyl Histidine,0.72868994,0.296269872
20,C00197,3PG,3-phosphoglycerate,1.728970879,0.01218578
21,C02129,4-Acetylbutyrate,4-Acetylbutyrate,0.73316753,0.859683795
22,C11527,4-Hydroxymandelate,4-hydroxyMandelate,0.925224374,0.296269872
23,C00233,4-Methyl-2-oxopentanoate,4-methyl-2-oxopentanoate,0.312191461,0.030382822
24,-,4-Oxopentanoate,levulinate,0.889216895,0.885233915
25,C00430,5-Aminolevulinate,5-Aminolevulinate,1.514639638,0.060102806
26,C16741,5-Hydroxylysine,5-Hydroxylysine,0.469563325,0.01218578
27,C03592,5-Methyl-2'-deoxycytidine,5-Methyldeoxycytidine,0.5743285,0.157939311
28,C00170,5-Methylthioadenosine,5'-Methylthioadenosine,0.753511924,0.060102806
29,C01879,5-Oxoproline,Pyroglutamate,2.060085292,0.530869304
30,C00345,6-Phosphogluconate,6-Phospho-D-gluconate,2.282724781,0.01218578
31,C02953,"7,8-Dihydrobiopterin",dihydrobiopterin,0.880176008,1
32,C02242,7-Methylguanine,7-methylguanine,0.780813349,0.06619258
33,C00024,Acetyl CoA,Acetyl-CoA,0.746718789,0.081361129
34,C01996,Acetylcholine,Acetylcholine,0.314834135,0.143672082
35,C00147,Adenine,Adenine,0.878700968,0.403395305
36,C00212,Adenosine,Adenosine,1.167289635,1
37,C03794,Adenylosuccinate,"N6-(1,2-dicarboxyethyl)-AMP",1.03763537,0.676103314
38,C03626,ADMA,ADMA,0.99574294,1
39,C00008,ADP,ADP,1.228168463,0.210075041
40,C00498,ADP-glucose,ADP-glucose,1.229736417,0.094692943
41,C00301,ADP-ribose,ADP-ribose,2.637059485,0.036888426
42,C04677,AICAR,1-(5'-Phosphoribosyl)-5-amino-4-imidazolecarboxamide,18.19128128,0.007494958
43,C00041,Ala,L-alanine,0.941630612,1
44,C00956,alpha-Aminoadipate,L-2-Aminoadipate,1.543517011,0.036713856
45,C02115,Alpha-Methylserine,Alpha-Methylserine,0.813983285,0.470486422
46,C00020,AMP,AMP,1.324663409,0.210075041
47,C01262,Anserine,anserine,4.199872387,0.01218578
48,C00062,Arg,L-Arginine,1.693957295,0.296269872
49,C03406,Argininosuccinate,N-(L-Arginino)succinate,2.285907383,0.036713856
50,C00152,Asn,L-Asparagine,1.531529213,0.094692943
51,C00049,Asp,L-aspartate,1.211488055,0.403395305
52,C00002,ATP,ATP,1.10513952,1
53,C08261,Azelate,azelate,0.65905539,0.01218578
54,C00099,beta-Ala,beta-Alanine,0.99895118,1
55,C05341,beta-Ala-Lys,beta-Ala-Lys,3.201586961,0.019964453
56,C00719,Betaine,Betaine,1.038954776,1
57,C00318,Carnitine,carnitine,0.920328383,0.296269872
58,C00386,Carnosine,carnosine,6.839746434,0.01218578
59,C00112,CDP,CDP,1.481915519,0.01218578
60,C00307,CDP-choline,CDP-choline,1.069813755,0.676103314
61,C00114,Choline,Choline,0.926843664,1
62,C00417,cis-Aconitate,cis-Aconitate,1.18136123,0.676103314
63,C00158,Citrate,Citrate,1.410550587,0.01218578
64,C00327,Citrulline,L-Citrulline,0.803739369,0.296269872
65,C00055,CMP,CMP,1.262187995,0.296269872
66,C00128,CMP-N-acetylneuraminate,CMP-N-acetylneuraminate,1.465438972,0.060102806
67,C00010,CoA,CoA,1.316286325,0.37109337
68,C00300,Creatine,Creatine,0.909740348,0.143672082
69,C00791,Creatinine,Creatinine,0.840960468,0.210075041
70,C00063,CTP,CTP,1.150825037,1
71,C00097,Cys,L-Cysteine,2.165678084,0.094692943
72,C02291,Cystathionine,L-Cystathionine,1.312668698,0.060102806
73,C00506,Cysteate,Cysteic acid,0.545834543,0.080855598
74,-,Cysteine-glutathione disulphide,Cysteine-glutathione disulphide,1.174237257,1
75,C00475,Cytidine,Cytidine,0.919288751,0.676103314
76,C00206,dADP,dADP,1.067115658,0.550984988
77,C00360,dAMP,dAMP,0.729789016,0.210075041
78,C00705,dCDP,dCDP,1.377129212,0.111346887
79,C00111,DHAP,Glycerone phosphate,1.55418818,0.676103314
80,C06772,Diethanolamine,Diethanolamine,1.236992079,1
81,C00363,dTDP,dTDP,1.171675373,0.143672082
82,C00364,dTMP,dTMP,0.612811365,0.094692943
83,C00365,dUMP,dUMP,0.931816352,0.885233915
84,C00346,Ethanolamine phosphate,phosphoethanolamine,0.833617442,0.036713856
85,C00354,"F1,6P","beta-D-Fructose 1,6-bisphosphate",3.166769034,0.01218578
86,C00085,F6P,D-Fructose 6-phosphate,3.361022102,0.021571748
87,C00122,Fumarate,Fumarate,0.897995953,0.834531623
88,C00103,G1P,D-Glucose 1-phosphate,1.690435685,0.021571748
89,C00092,G6P,glucose 6-phosphate,5.298938241,0.01218578
90,C00334,GABA,4-Aminobutanoate,0.915370097,1
91,C01181,gamma-Butyrobetaine,É¡-Butyrobetaine,0.648168736,0.01218578
92,C00669,gamma-Glu-cys,É¡-glutamylcysteine,0.994114718,1
93,C01035,gamma-Guanidinobutyrate,4-Guanidinobutanoate,1.88256963,0.01218578
94,C00035,GDP,GDP,1.080885261,1
95,C00096,GDP-mannose,GDP-mannose,1.342217725,0.060102806
96,C00064,Gln,L-Glutamine,3.058567918,0.01218578
97,C00025,Glu,L-Glutamate,1.923988455,0.01218578
98,C00031,Glucose,D-glucose,6.289279883,0.01218578
99,C01425,Glu-Glu,Glu-Glu,1.121357512,0.210075041
100,C00489,Glutarate,Glutarate,1.427823751,0.060102806
101,C00127,Glutathione(ox),GSSG,1.095466323,0.530869304
102,C00051,Glutathione(red),GSH,1.515121718,0.060102806
103,C00037,Gly,Glycine,0.833383517,0.01218578
104,C00093,Glycerophosphate,glycerol 3-phosphate,4.281268627,0.01218578
105,C00670,Glycerophosphorylcholine,glycerophosphorylcholine,1.831463037,0.094692943
106,C00160,Glycolate,glycolate,0.768603358,0.143672082
107,C02037,Gly-Gly,Glycyl-glycine,0.995979846,1
108,C00144,GMP,GMP,0.914113559,0.296269872
109,C00044,GTP,GTP,0.950930682,0.834531623
110,C00581,Guanidinoacetate,Guanidinoacetate,10.71286404,0.01218578
111,C00387,Guanosine,Guanosine,1.427081392,0.296269872
112,C01585,Hexanoate,Hexanoic acid,0.874609364,0.834531623
113,C00135,His,His,0.902425547,0.834531623
114,C00388,Histamine,histamine,2.374548209,0.676103314
115,C00263,Homoserine,L-Homoserine,0.692021286,0.01218578
116,C05582,Homovanillate,Homovanillic acid,0.875763219,0.391267279
117,C01015,Hydroxyproline,cis-4-hydroxy-L-proline,0.675066246,0.143672082
118,C00519,Hypotaurine,hypotaurine,0.772357698,0.036713856
119,C00262,Hypoxanthine,Hypoxanthine,1.042836173,1
120,C00407,Ile,isoleucine,1.04261179,0.834531623
121,C00130,IMP,IMP,2.388714238,0.036713856
122,C00294,Inosine,Inosine,2.376562563,0.060102806
123,C05123,Isethionate,Isethionic acid,0.81682995,0.713303174
124,C00311,Isocitrate,Isocitrate,1.409698641,0.060102806
125,C00490,Itaconate,itaconate,1.731231882,0.37109337
126,C00081,ITP,ITP,1.082693773,1
127,C00328,Kynurenine,kynurenine,1.16784517,0.470486422
128,C00186,Lactate,Lactate,0.997293616,0.834531623
129,C00123,Leu,leucine,1.076699853,0.834531623
130,C00047,Lys,lysine,0.908803822,0.094692943
131,C00711,Malate,Malic acid,1.050575415,0.834531623
132,C00383,Malonate,Malonate,0.810004328,0.143672082
133,C00073,Met,L-Methionine,0.712291371,0.143672082
134,C02989,Methionine sulfoxide,Methionine sulfoxide,0.579111553,0.036713856
135,C00879,Mucate,D-Galactarate,0.683281027,0.210075041
136,C01026,"N,N-Dimethylglycine","N,N-Dimethylglycine",0.867708186,0.296269872
137,C03413,"N1,N12-Diacetylspermine","N1,N12-Diacetylspermine",0.979433193,1
138,-,"N1,N8-Diacetylspermidine","N1,N8-Diacetylspermidine",0.928882081,1
139,C00612,N1-Acetylspermidine,N1-Acetylspermidine,0.92550688,0.834531623
140,C03793,"N6,N6,N6-Trimethyllysine","N6,N6,N6-Trimethyllysine",1.099387406,0.210075041
141,C01029,N8-Acetylspermidine,N8-Acetylspermidine,1.009361591,0.834531623
142,C01042,N-Acetylaspartate,N-acetylaspartate,2.465659209,0.01218578
143,C01073,N-Acetyl-beta-alanine,N-acetyl-beta-alanine,0.978115373,0.834531623
144,C04501,N-Acetylglucosamine 1-phosphate,N-Acetylglucosamine 1-phosphate,1.036506942,0.834531623
145,C00357,N-Acetylglucosamine 6-phosphate,N-acetylglucosamine 6-phosphate,0.640851231,0.019964453
146,C00624,N-Acetylglutamate,N-Acetyl-L-glutamate,4.247214358,0.01218578
147,C02997,N-Acetylhistidine,N-acetylhistidine,0.726173381,0.540291375
148,C02712,N-Acetylmethionine,N-acetylmethionine,0.665087608,0.296269872
149,C00270,N-Acetylneuraminate,N-acetylneuraminate,1.809853567,0.021571748
150,C02714,N-Acetylputrescine,N-Acetylputrescine,0.732106415,0.403395305
151,C00003,NAD+,NAD+,1.27420335,0.143672082
152,C00004,NADH,NADH,1.455925369,0.036713856
153,C00006,NADP+,NADP+,1.075708034,0.834531623
154,C00005,NADPH,NADPH,1.197059407,0.765594484
155,C02727,N-epsilon-Acetyllysine,N6-acetyllysine,0.910598903,0.403395305
156,C00153,Nicotinamide,nicotinamide,1.217671975,0.676103314
157,C02721,N-Methylalanine,N-Methylalanine,1.550931696,0.332921608
158,C02571,o-Acetylcarnitine,acetylcarnitine,0.636343605,0.01218578
159,C01005,O-Phosphoserine,O-Phospho-L-serine,0.934935067,0.698535358
160,C00077,Ornithine,L-Ornithine,0.755334574,0.094692943
161,C00864,Pantothenate,Pantothenic acid,1.467023685,0.036713856
162,C01601,Pelargonate,pelargonate,0.556251767,0.094692943
163,C00074,PEP,Phosphoenolpyruvate,0.934551479,1
164,C00079,Phe,phenylalanine,1.020260844,0.676103314
165,C00588,Phosphorylcholine,choline phosphate,0.716800678,0.01218578
166,C00408,Pipecolate,Pipecolic acid,0.780634011,0.094692943
167,C00148,Pro,L-Proline,0.667474845,0.01218578
168,C10172,Proline betaine,stachydrine,0.707335678,0.036713856
169,C00119,PRPP,5-Phospho-alpha-D-ribose 1-diphosphate,1.021953104,1
170,C00134,"Putrescine(1,4-Butanediamine)",Putrescine,0.688333735,0.403395305
171,C00250,Pyridoxal,pyridoxal,0.788694282,0.376759118
172,C00647,Pyridoxamine 5'-phosphate,Pyridoxamine 5'-phosphate,0.969491249,0.834531623
173,C00022,Pyruvate,Pyruvate,0.918490217,0.676103314
174,C01182,"Ribulose 1,5-diphosphate","Ribulose-1,5 diphosphate",0.85625202,0.403395305
175,C00199,Ru5P,Ribulose-5-phosphate,1.635950778,0.060102806
176,C05382,S7P,Sedoheptulose 7-phosphate,2.759498532,0.01218578
177,C00449,Saccharopine,Saccharopine,0.742146452,1
178,C00021,SAH,S-Adenosyl-L-homocysteine,1.086681979,0.143672082
179,C00019,SAM+,S-Adenosyl-L-methionine,0.874781742,0.210075041
180,C00213,Sarcosine,Sarcosine,0.542295664,0.296269872
181,-,SDMA,SDMA,0.833470724,0.143672082
182,C08277,Sebacate,Sebacic acid,1.371529048,1
183,C00065,Ser,L-Serine,1.116247871,0.403395305
184,C00780,Serotonin,serotonin,1.173042032,0.834531623
185,C03451,S-Lactoylglutathione,S-Lactoylglutathione,1.203408189,0.143672082
186,C00315,Spermidine,Spermidine,1.199812161,0.403395305
187,C00750,Spermine,Spermine,2.768180604,0.021571748
188,C00042,Succinate,Succinate,1.238685452,0.060102806
189,C00898,Tartrate,Tartaric acid,1.184301489,0.550984988
190,C00245,Taurine,Taurine,0.716998803,0.021571748
191,C00378,Thiamine,thiamin,0.925681963,0.530869304
192,C00188,Thr,L-Threonine,0.631019214,0.060102806
193,C01620,Threonate,Threonate,1.141762622,0.676103314
194,C00689,Trehalose 6-phosphate,Trehalose 6-phosphate,0.964852146,0.834531623
195,C01004,Trigonelline,trigonelline,0.692497658,0.01218578
196,C01104,Trimethylamine N-oxide,Trimethylamine N-oxide,1.095538022,1
197,C00078,Trp,L-Tryptophan,0.943469003,0.296269872
198,C00082,Tyr,L-Tyrosine,0.82520768,0.060102806
199,C00015,UDP,UDP,1.151542304,0.296269872
200,C00029,UDP-glucose,UDP-glucose,1.22867626,0.143672082
201,C00167,UDP-glucuronate,UDP-glucuronate,1.511233101,0.021571748
202,C00043,UDP-N-acetylglucosamine,UDP-N-acetylglucosamine,0.963044178,1
203,C00105,UMP,UMP,1.016856604,0.530869304
204,C00366,Urate,Urate,1.040380741,1
205,C00086,Urea,Urea,0.820300144,0.021571748
206,C00299,Uridine,Uridine,1.144889764,0.403395305
207,C00785,Urocanate,Urocanic acid,8.975339962,0.296269872
208,C00075,UTP,UTP,0.933749767,0.530869304
209,C00183,Val,Val,0.861785442,0.296269872
210,C00385,Xanthine,Xanthine,1.098221935,0.386476231
