,MCF7 -HPRT vs MCF7 +HPRT1
Compound name,ratio
"1-Aminocyclopropane-1-carboxylic acid
Homoserinelactone",1.383090534
1-Methyl-4-imidazoleacetic acid,1.3902012
1-Methyladenosine,1.514228863
1-Methylnicotinamide,
1-Pyrroline 5-carboxylic acid,
11-Aminoundecanoic acid,0.476191318
1H-Imidazole-4-propionic acid,1.47977741
"2'-Deoxyadenosine
5'-Deoxyadenosine",1.079328957
2'-Deoxycytidine,1.413027495
2'-Deoxyguanosine,2.317076943
"2,3-Diphosphoglyceric acid",1.681764694
2-(Creatinine-3-yl)propionic acid,
"2-Amino-2-(hydroxymethyl)-1,3-propanediol",
"2-Amino-2-methyl-1,3-propanediol",
2-Amino-3-phosphonopropionic acid,
"2-Aminoadipic acid
O-Acetylhomoserine",1.393967155
"2-Aminobutyric acid
2-Aminoisobutyric acid",1.377370607
2-Aminoethylphosphonic acid,
2-Deoxyglucose 6-phosphate,1.190560917
2-Deoxyribose 1-phosphate,0.972454692
2-Hydroxy-4-methylvaleric acid,1.123136398
2-Hydroxybutyric acid,
2-Hydroxyglutaric acid,1.557856077
"2-Hydroxyoctanoic acid-1
8-Hydroxyoctanoic acid-1",1.125301717
"2-Hydroxyoctanoic acid-2
8-Hydroxyoctanoic acid-2",1.531329537
2-Methylcholine,1.834588421
2-Oxoglutaric acid,1.479500059
2-Oxoisovaleric acid,1.403246195
2-Phosphoglyceric acid,1.570417847
2-Quinolinecarboxylic acid,
"3'-CMP
2'-CMP",1.900103569
3'-Dephospho CoA,1.234090909
"3-(2-Hydroxyphenyl)propionic acid
3-Phenyllactic acid
Atrolactic acid
p-Methoxyphenylacetic acid
m-Ethoxybenzoic acid
Tropic acid",1.37959454
3-Amino-2-piperidone,1.575507427
3-Aminoisobutyric acid,1.539442208
3-Guanidinopropionic acid,1.410502775
3-Hydroxy-3-methylglutaric acid,1.340449064
3-Hydroxybutyric acid,1.377975307
3-Methylcrotonyl CoA_divalent,1.015473888
3-Methylguanine,2.389292254
"3-Methylhistidine
1-Methylhistidine",1.482839139
3-Phenylpropionic acid,1.331004533
3-Phosphoglyceric acid,1.621422294
4-Acetamidobutanoic acid,1.648295623
4-Guanidinobutyric acid,1.435473275
4-Hydroxyphenylacetaldehyde,1.957214514
4-Hydroxyquinoline,
"4-Methyl-2-oxovaleric acid
3-Methyl-2-oxovaleric acid",1.625742327
4-Oxovaleric acid,
4-Pyridoxic acid,
5'-Deoxy-5'-methylthioadenosine,1.487387339
5-Amino-4-oxovaleric acid,1.417218583
5-Aminoimidazole-4-carboxamide ribotide,11.40896605
5-Aminoindole,1.402013813
5-Aminovaleric acid,
5-Hydroxyindoleacetic acid,1.5830314
5-Hydroxylysine,1.600158223
5-Hydroxytryptophan,1.784023004
5-Methoxyindoleacetic acid,1.484138893
5-Methyl-2'-deoxycytidine,
5-Oxohexanoic acid,1.108511383
5-Oxoproline,1.442199838
"6,8-Thioctic acid",
6-Aminohexanoic acid,
6-Aminopenicillanic acid,1.447132162
6-Hydroxyhexanoic acid,
6-Phosphogluconic acid,1.676332435
"7,8-Dihydrobiopterin",1.560933525
"7,8-Dihydroneopterin",3.571156501
7-Methylguanine,1.35987569
Acetoacetamide,1.755695126
Acetyl CoA_divalent,1.234106604
Acetylcholine,1.642254082
Adenine,1.160954772
Adenosine,1.957568018
Adenosine 5'-phosphosulfate,1.520966317
Adenylosuccinic acid,
ADMA,1.518377963
ADP,1.28372324
"ADP-glucose
GDP-fucose",1.530933733
ADP-ribose,1.113159096
Ala,1.359426522
"Ala-Ala
Daminozide",1.348814662
Allantoic acid,2.29620639
AMP,1.438431991
Anserine_divalent,1.158645651
Anthranilic acid,1.464153252
Arg,1.458205286
Arg-Glu,1.528114538
Argininosuccinic acid,1.615716739
Ascorbate 2-phosphate,1.367478065
Asn,1.513971879
Asp,1.713558532
ATP,1.390803514
Azelaic acid,1.07975361
Benzoic acid,1.357201291
Betaine,1.472584026
Betaine aldehyde_+H2O,1.48791074
Biotin,
"Butyric acid
Isobutyric acid",1.568114529
Butyrylcarnitine,1.412197597
Cadaverine,1.132470135
cAMP,1.37479107
Carboxymethyllysine,1.476590078
Carnitine,1.512476839
Carnosine,1.670559004
CDP,1.430651435
CDP-choline,1.461913695
Choline,1.514558086
cis-4-Hydroxyproline,
cis-Aconitic acid,1.647324194
Citraconic acid,
Citric acid,1.609444712
Citrulline,1.412380691
CMP,1.624766269
CMP-N-acetylneuraminate,1.592015085
CoA_divalent,1.216630036
Creatine,1.472550321
Creatinine,1.461440064
CTP,1.680979036
Cumic acid,
Cys,2.059935189
Cys-Gly,1.299570584
Cystathionine,1.529701874
Cysteic acid,1.375782452
Cysteine glutathione disulfide,4.264242527
Cysteinesulfinic acid,1.578983675
Cystine,3.128755187
Cytidine,1.733409924
Cytosine,1.231168831
dADP,1.185444703
dAMP,1.847481496
dATP,1.454972635
dCDP,1.125858833
dCMP,1.859907332
dCTP,1.457805012
Deamido-NAD+,
Decanoic acid,1.26606415
dGTP,1.602633313
Diethanolamine,0.7067313
Dihydroorotic acid,1.837527761
Dihydrouracil,1.694001763
Dihydroxyacetone phosphate,1.480431691
Dodecanedioic acid,1.334036589
"Dopamine
Octopamine",1.191663408
dTDP,1.390268097
dTDP-glucose,1.88100082
dTMP,1.528101835
dTTP,1.48179288
dUMP,1.610916447
Erythrose 4-phosphate,1.348344699
Ethanolamine,
Ethanolamine phosphate,1.522993826
FAD_divalent,1.659170814
FMN,1.132433964
Folic acid,1.549775842
Formiminoglutamic acid,1.215665236
Formylanthranilic acid,1.632908284
"Fructose 1,6-diphosphate",1.492770122
Fructose 6-phosphate,1.517546468
Fumaric acid,1.697692215
GABA,1.392938959
GDP,1.331289345
"GDP-mannose
GDP-galactose
GDP-glucose",1.566147003
Gln,1.412370336
Glu,1.435247345
Glu-Glu,1.210621421
Glucaric acid,
Gluconic acid,1.472479367
Gluconolactone,
"Glucosamine
Galactosamine",1.443550866
Glucose 1-phosphate,1.53916768
Glucose 6-phosphate,1.583166365
"Glucuronic acid-1
Galacturonic acid-1",1.550030366
"Glucuronic acid-2
Galacturonic acid-2",1.989485068
"Glucuronic acid-3
Galacturonic acid-3",1.719374209
Glutaric acid,1.565002715
Glutaryl CoA_divalent,1.877384207
Glutathione (GSH),1.331980264
Glutathione (GSSG)_divalent,1.715569952
Gly,1.45672802
Gly-Asp,1.582178328
Gly-Gly,1.484270397
Gly-Leu,1.557478737
Glyceraldehyde 3-phosphate,1.562969682
Glyceric acid,1.502454713
Glycerol,1.083013976
Glycerol 2-phosphate,1.234434506
Glycerol 3-phosphate,1.613429917
Glycerophosphocholine,1.328836617
Glycocholic acid,
GMP,1.407950152
GTP,1.46981355
Guanidoacetic acid,1.524618767
Guanine,8.331465768
Guanosine,1.568612857
Gulonolactone,0.784368904
Heptanoic acid,1.39203984
Hexamine,1.490820715
Hexanoic acid,1.493858393
Hippuric acid,1.495708404
His,1.455073448
His-Glu,1.588498703
HMG CoA_divalent,1.718169372
Homoarginine,1.470301878
Homocarnosine,1.931294212
Homocitrulline,1.438618711
Homocysteine,2.152251625
Homoserine,1.424579141
Homovanillic acid,1.467146624
Hydroxyproline,1.464318191
Hypotaurine,1.649431126
Hypoxanthine,3.780373265
Ile,1.469290635
Ile-Pro-Pro,
Imidazole-4-acetic acid,1.239515989
Imidazolelactic acid,1.598933165
IMP,0.623168256
Inosine,2.700914755
Isethionic acid,1.654004307
Isobutyryl CoA_divalent,1.310381433
Isobutyrylcarnitine,1.691537365
Isocitric acid,1.751077616
Isoglutamic acid,
"Isovaleric acid
Valeric acid",1.599531372
Isovalerylcarnitine,1.709724693
Ketoprofen,
Kojic acid,1.100190471
Kynurenine,1.587429372
Lactic acid,1.431438553
Lauric acid,1.284198286
Lauroyl CoA_divalent,
Lauroylcarnitine,0.761959586
Leu,1.455010548
Lys,1.472151418
Malic acid,1.610793841
Malonyl CoA_divalent,2.092937017
Malonylcarnitine,
"Mandelic acid
o-Hydroxyphenylacetic acid
p-Anisic acid
Phenoxyacetic acid",1.797110721
Melamine,
Met,1.532069293
Methionine sulfoxide,1.34367315
Methyl sulfate,
Methylguanidine,2.755156364
Mevalonic acid,1.215666736
Morpholine,
Mucic acid,2.147768396
Muscimol,1.386304674
"myo-Inositol 1-phosphate
myo-Inositol 3-phosphate",1.678146958
myo-Inositol 2-phosphate,1.538864962
Myristoleic acid,1.570120351
"N,N-Dimethylglycine",1.365478556
N-Acetylalanine,1.555106732
N-Acetylasparagine,2.280604602
N-Acetylaspartic acid,1.514461078
N-Acetylcysteine,4.074235808
N-Acetylglucosamine 1-phosphate,1.611811091
N-Acetylglucosamine 6-phosphate,1.632382748
N-Acetylglucosylamine,1.38389299
N-Acetylglutamic acid,1.220502946
N-Acetylglutamine,1.530589105
N-Acetylglycine,1.562791141
N-Acetylhistidine,1.521912003
"N-Acetylleucine
Isovalerylalanine",1.878715467
N-Acetyllysine,1.341747453
N-Acetylmethionine,1.525240584
N-Acetylneuraminic acid,1.613707545
N-Acetylornithine,1.487836973
N-Acetylputrescine,1.469673416
N-Acetylserine,1.552179877
N-Acetyltryptophan,0.671052632
N-Carbamoylaspartic acid,2.112504465
N-Formylglycine,
N-Formylmethionine,1.625316863
N-Glycolylneuraminic acid,1.728921024
N-Methylnorsalsolinol,
"N1,N8-Diacetylspermidine",
N1-Acetylspermidine,1.429698081
"N6,N6,N6-Trimethyllysine",1.518414563
N6-Acetyllysine,1.611014519
N6-Methyl-2'-deoxyadenosine,1.314894043
N6-Methyllysine,1.401363512
N8-Acetylspermidine,1.406373614
NAD+,1.684258807
NADH,1.417676722
NADP+,1.71110736
NADPH_divalent,1.452385723
Nicotinamide,1.319672641
Nicotine,
NMN,1.976675455
NÉ÷-Methylarginine,1.511677648
O-Acetylcarnitine,1.40882921
o-Hydroxybenzoic acid,
O-Phosphoserine,
O-Succinylhomoserine,1.340219904
"o-Toluic acid
p-Toluic acid
m-Toluic acid",1.448016049
Octanoic acid,1.315868167
Octanoyl CoA_divalent,
Octanoylcarnitine,1.355209918
Octopine,
Ophthalmic acid,1.707184217
Ornithine,1.554849324
Orotic acid,1.161856129
Orotidine 5'-monophosphate,
p-Aminobenzoic acid,
p-Hydroxymandelic acid,1.443837409
p-Hydroxyphenylacetic acid,
"P1, P4-Di(adenosine-5') tetraphosphate_divalent",1.140425738
Pantothenic acid,1.478782465
Pelargonic acid,1.358749623
Penicillamine,1.512496808
Phe,1.403210269
Phenaceturic acid,1.767897045
Phenylpyruvic acid,1.357521402
Phosphocreatine,1.52537023
Phosphoenolpyruvic acid,1.6264979
Phosphorylcholine,1.361593208
Pipecolic acid,1.530143657
Piperazine,1.513822877
Piperidine,1.555824294
Pirimicarb,
Porphobilinogen,
Pro,1.465654633
Propionyl CoA_divalent,1.375848187
Prostaglandin F2Éø,1.497827346
PRPP,4.021408136
Pterin,1.306131192
Putrescine,1.351419856
Pyridoxal,1.325170974
Pyridoxamine 5'-phosphate,1.338497939
Pyridoxine,1.557121258
Pyrophosphate,
Pyruvic acid,1.544282279
Quinic acid,1.278010239
Riboflavin,1.637454876
Ribose 5-phosphate,1.673178866
"Ribulose 1,5-diphosphate",1.844155844
Ribulose 5-phosphate,1.592484242
S-Adenosylhomocysteine,1.347134268
S-Adenosylmethionine,1.416815791
S-Lactoylglutathione,1.163586449
S-Methylcysteine,1.498067199
S-Methylglutathione,1.222287471
S-Methylmethionine,1.873645493
S-Nitrosoglutathione,0.533909289
Saccharopine,1.564893638
Sarcosine,1.523288898
SDMA,1.515755311
Sebacic acid,1.097456048
Sedoheptulose 7-phosphate,1.477370148
Ser,1.381556793
Ser-Glu,1.242480243
Serotonin,
Sorbitol 6-phosphate,
Spermidine,1.609281609
Spermine,1.980390591
Stachydrine,
Suberic acid,1.331972894
Succinic acid,1.747596067
"Succinyl CoA_divalent
Methylmalonyl CoA_divalent",2.132440068
Sulfotyrosine,1.608199975
Tartaric acid,1.701937079
Taurine,1.503176604
Taurocholic acid,
Terephthalic acid,1.536381536
Thiamine,1.375355711
Thiamine diphosphate,1.534170546
Thiamine phosphate,
Thiaproline,1.389620204
Thr,1.418504541
Thr-Asp,2.12888134
Threonic acid,1.600651724
trans-Glutaconic acid,
Trehalose 6-phosphate,
TRH,
Triethanolamine,3.009217798
Trp,1.427768059
Tyr,1.463773346
Tyr-Arg_divalent,1.133540373
Tyr-Glu,1.292431367
Tyramine,
Tyrosine methyl ester,1.576230938
UDP,1.569749375
"UDP-glucose
UDP-galactose",1.88331922
UDP-glucuronic acid,1.783741607
"UDP-N-acetylglucosamine
UDP-N-acetylgalactosamine",1.982650941
UMP,1.654707472
Undecanoic acid,1.415681033
Urea,1.336104051
Uric acid,
Urocanic acid,1.363233534
UTP,1.905495103
Val,1.381141778
XA0002,1.543118802
XA0004,1.2875528
XA0012,1.543934274
XA0013,1.243763468
XA0017,1.465855986
XA0027,1.373305225
XA0033,1.733673892
XA0055,1.414418007
XA0065,1.786697282
Xanthine,1.549101704
Xanthopterin,1.558363581
Xanthosine,
XC0016,1.483804091
XC0017,2.590255947
XC0040,1.104524919
XC0061,1.756221502
XC0065,1.516695647
XC0071,1.484502349
XC0089,1.503075351
XC0120,
XC0126,1.505059524
XC0132,1.478470414
XC0137,1.099200645
XMP,2.805346916
Xylulose 5-phosphate,1.65605707
É¿-Ala,1.430246675
É¿-Ala-Lys,1.558762011
É¿-Hydroxyisovaleric acid,1.630068119
É¿-Leucine,
É¡-Butyrobetaine,1.51837627
É¡-Glu-2-aminobutyric acid,1.826166987
É¡-Glu-Cys,0.870852726
É¡-Glu-Val-Gly,1.641844537
É¡-Glutamyl-S-Allylcysteine,
,
,
,
,
,
,
