,231-HPRT vs 231+HPRT
Compound name,ratio
"1-Aminocyclopropane-1-carboxylic acid
Homoserinelactone",0.950235243
1-Methyl-2-pyrrolidone,
1-Methyl-4-imidazoleacetic acid,1.216903463
1-Methyladenosine,1.283916509
1-Methylnicotinamide,0.946133087
1H-Imidazole-4-propionic acid,1.336313769
"2'-Deoxyadenosine
5'-Deoxyadenosine",0.495716919
2'-Deoxycytidine,0.63771415
2'-Deoxyguanosine,1.239267142
"2-Amino-2-(hydroxymethyl)-1,3-propanediol",1.165312796
"2-Aminoadipic acid
O-Acetylhomoserine",1.001882717
"2-Aminobutyric acid
2-Aminoisobutyric acid",1.120819613
2-Deoxyglucose 6-phosphate,
2-Deoxyribose 1-phosphate,1.026933659
2-Deoxystreptamine,0.790811439
2-Hydroxybutyric acid,
2-Hydroxyglutaric acid,1.158478389
"2-Hydroxyoctanoic acid
8-Hydroxyoctanoic acid",
2-Oxoglutaric acid,1.105177204
2-Oxoisovaleric acid,
2-Phosphoglyceric acid,1.305248021
"3',5'-ADP",0.612426395
3-Amino-2-piperidone,1.211304751
3-Guanidinopropionic acid,1.020209161
3-Hydroxy-2-methyl-4-pyrone,0.961530262
3-Hydroxy-3-methylglutaric acid,1.097038519
3-Hydroxybutyric acid,1.163358224
3-Methylguanine,
"3-Methylhistidine
1-Methylhistidine",1.188176116
3-Phenylpropionic acid,1.006452772
3-Phosphoglyceric acid,1.264497152
4-Acetamidobutanoic acid,
4-Guanidinobutyric acid,1.375605991
4-Hydroxyphenethyl alcohol_-H2O,0.893217295
4-Hydroxyquinoline,
"4-Methyl-2-oxovaleric acid
3-Methyl-2-oxovaleric acid
2-Oxohexanoic acid",1.235360147
4-Oxopyrrolidine-2-carboxylic acid,1.15205982
5'-Deoxy-5'-methylthioadenosine,1.11498334
5-Amino-4-oxovaleric acid,1.108379397
5-Aminoimidazole-4-carboxamide ribotide,
5-Aminoindole,4.878347281
5-Aminovaleric acid,1.09276732
5-Hydroxylysine,1.307150836
5-Methylcytosine,1.184444704
5-Oxoproline,1.202093393
6-Aminohexanoic acid,1.094905544
6-Aminopenicillanic acid,0.983920092
6-Phosphogluconic acid,0.617081989
Acetyl CoA_divalent,
Adenine,1.036777831
Adenosine,1.109505218
Adenosine 5'-phosphosulfate,0.649223911
Adenylosuccinic acid,
ADMA,1.204368918
ADP,0.737926488
"ADP-glucose
GDP-fucose",0.911387724
ADP-ribose,1.209096055
Ala,1.150349894
"Ala-Ala
Daminozide",0.73316234
AMP,0.712261696
Anserine_divalent,4.681874191
Arg,1.204607501
Arg-Glu,1.00465986
Argininosuccinic acid,0.942652322
Ascorbate 2-phosphate,1.60216056
Asn,1.053461002
Asp,0.832648743
Aspartame,0.705915339
ATP,0.681284934
Azelaic acid,5.048918957
Betaine,1.146685105
Betaine aldehyde_+H2O,
Butyrylcarnitine,0.92112656
Cadaverine,1.115555307
cAMP,0.931311911
Carboxymethyllysine,1.18253553
Carnitine,0.918651623
Carnosine,1.087707709
CDP,1.527221284
CDP-choline,0.968098431
Choline,1.392989925
cis-4-Hydroxyproline,
cis-Aconitic acid,1.178417378
Citric acid,1.163803567
Citrulline,1.246733795
CMP,1.133927692
CoA_divalent,1.005598711
Creatine,1.018428292
Creatinine,1.14601951
CTP,1.586968619
Cys,1.532196947
Cys-Gly,0.808803674
Cystathionine,1.099415569
Cysteine glutathione disulfide,0.483557578
Cystine,0.230546706
Cytidine,1.53430351
dADP,
dATP,0.52618965
dCTP,0.812476144
Decanoic acid,1.109095488
Decarboxylated S-Adenosylmethionine,0.795524674
dGTP,1.054691142
Diethanolamine,1.106960759
Dihydroorotic acid,0.632027209
Dihydrouracil,0.773741233
Dihydroxyacetone phosphate,0.953731519
"Dopamine
Octopamine",1.334538508
dTDP,0.90871829
dTDP-glucose,1.429743816
dTMP,
dTTP,0.91605945
Ethanolamine,1.165425256
Ethanolamine phosphate,0.873054407
FAD_divalent,1.099520378
Folic acid,1.453331133
"Fructose 1,6-diphosphate",1.113624962
Fructose 6-phosphate,0.91865132
Fumaric acid,0.950187729
GABA,1.079109148
GDP,0.944851555
"GDP-mannose
GDP-galactose
GDP-glucose",0.910492404
Gln,1.079072838
Glu,1.117187692
Glu-Glu,1.042512699
Glucaric acid,0.955268227
Gluconic acid,0.428285812
Gluconolactone,0.673177977
"Glucosamine
Galactosamine",1.129693475
Glucose 1-phosphate,0.870779615
Glucose 6-phosphate,0.853188041
"Glucuronic acid-1
Galacturonic acid-1",1.305345451
"Glucuronic acid-2
Galacturonic acid-2",1.405375996
"Glutaric acid
Methylsuccinic acid",
Glutathione (GSH),1.164315025
Glutathione (GSSG)_divalent,0.56018351
Gly,1.080385157
Gly-Asp,1.135476479
Gly-Gly,1.029591665
Gly-Leu,1.004639448
Glyceraldehyde 3-phosphate,0.989963815
Glycerol,0.977688106
Glycerol 3-phosphate,0.946598683
Glycerophosphocholine,0.78120707
GMP,0.812129074
GTP,0.835023506
Guanidoacetic acid,1.28365399
Guanine,14.40050834
Guanosine,1.24000817
Heptanoic acid,
Hexamine,2.04823413
Hexanoic acid,1.152124785
Hexylamine,
Hippuric acid,1.429705681
His,1.152776392
His-Glu,1.135242439
HMG CoA_divalent,0.951449903
Homoarginine,1.237546458
Homocarnosine,0.771241837
Homocitrulline,1.300734757
Homocysteine,0.85000457
"Homovanillic acid
3,4-Dihydroxyhydrocinnamic acid
Hydroxyphenyllactic acid",1.559532603
Hydroxyproline,1.031082744
Hypotaurine,1.107110239
Hypoxanthine,10.31604089
Ile,1.185350799
Ile-Pro-Pro,1.631632551
Imidazole-4-acetic acid,1.1612439
Imidazolelactic acid,0.861374034
IMP,0.926409713
Inosine,1.410211794
Isethionic acid,1.288204759
Isobutyrylcarnitine,
Isocitric acid,1.149887546
Isovalerylcarnitine-1,0.702309862
Isovalerylcarnitine-2,
Kynurenine,1.264441318
Lactic acid,1.085198683
Lauric acid,0.918311225
Lauroylcarnitine,
Leu,1.123182369
Lys,1.33113141
Malic acid,0.881197056
Melamine,15.35545849
Met,1.162269454
Methionine sulfoxide,1.050479365
Methylguanidine,1.150032145
Mevalolactone,0.997067349
Morpholine,1.159624852
Muscimol,
myo-Inositol 2-phosphate,0.905589199
Myristic acid,0.972083199
Myristoleic acid,2.609682554
"N,N-Dimethylglycine",0.865593089
N-Acetylalanine,1.112864005
N-Acetylaspartic acid,1.12604945
N-Acetylcysteine,0.973617793
N-Acetylglucosamine 1-phosphate,1.237115258
N-Acetylglucosamine 6-phosphate,0.880138752
N-Acetylglutamic acid,1.354878976
N-Acetylglutamine,1.08404117
N-Acetylglycine,2.163287901
N-Acetylhistidine,1.025830935
N-Acetyllysine,0.834870163
N-Acetylmethionine,1.126469672
N-Acetylneuraminic acid,0.625293018
N-Acetylornithine,0.929754083
N-Acetylputrescine,1.121952703
N-Acetylserine,1.137619682
N-Carbamoylaspartic acid,0.61887792
N-Formylmethionine,0.984764401
N-Glycolylneuraminic acid,0.517515673
"N-Methylaniline
Benzylamine",
N-Methylnorsalsolinol,
N-Succinyl-5-aminoimidazole-4-carboxamide ribose 5'-phosphate_divalent,
"N1,N8-Diacetylspermidine",2.263573608
N1-Methylguanosine,1.478474491
N2-Acetylaminoadipic acid,
N5-Ethylglutamine,1.117887731
"N6,N6,N6-Trimethyllysine",1.396035814
N6-Acetyllysine,1.082332355
N6-Methyl-2'-deoxyadenosine,0.890108968
N6-Methyllysine,1.198043963
N8-Acetylspermidine,1.158758123
NAD+,1.095445933
NADH,0.987365084
NADP+,1.138923582
NADPH_divalent,0.935333997
Nicotinamide,1.396701484
NMN,1.759985368
NÅf-Formylkynurenine,1.341814042
NÉ÷-Methylarginine,1.150228101
O-Acetylcarnitine,0.994849615
O-Succinylhomoserine,0.980976434
"o-Toluic acid
p-Toluic acid
m-Toluic acid",
Octanoic acid,0.880492182
Ophthalmic acid,0.76534769
Ornithine,1.295151476
Orotic acid,
Orotidine,1.62532195
"P1, P4-Di(adenosine-5') tetraphosphate_divalent",0.852543471
Pantothenic acid,1.02106198
Pelargonic acid,1.236889459
Penicillamine,1.517750761
Phe,1.144893396
Phosphocreatine,0.676779831
Phosphoenolpyruvic acid,1.237118887
Phosphorylcholine,0.908409069
Phytic acid_divalent,0.804814116
Pipecolic acid,1.072843698
Piperidine,1.34858673
Pro,1.008048329
PRPP,13.25148967
Putrescine,1.154915829
Pyridoxal,0.772870945
Pyridoxamine,
Pyridoxamine 5'-phosphate,1.146108025
Pyridoxine,1.132988044
Quinic acid,1.163797
Retinoic acid,
Ribose 5-phosphate,2.743557733
"Ribulose 1,5-diphosphate",6.458032712
Ribulose 5-phosphate,1.145956991
S-Adenosylhomocysteine,1.024265685
S-Adenosylmethionine,0.9423358
S-Lactoylglutathione,1.095255774
S-Methylcysteine,
S-Methylglutathione,1.064541476
S-Methylmethionine,1.270574853
S-Nitrosoglutathione,1.49643609
Saccharopine,0.71319608
Sarcosine,
SDMA,1.205885448
Sedoheptulose 7-phosphate,0.678803551
Ser,1.110244699
Ser-Glu,0.668031602
Serotonin,0.888999697
Sorbitol 6-phosphate,
Spermidine,1.079953695
Spermine,0.602225031
Suberic acid,
Succinic acid,1.219979133
Sulfotyrosine,0.99028458
Taurine,1.083167977
Terephthalic acid,1.021524247
Thiamine,1.057085561
Thiamine diphosphate,1.143915734
Thiamine phosphate,
Thiaproline,1.265291628
Thr,1.164135707
Thr-Asp,1.003338193
Threonic acid,0.89939526
trans-Glutaconic acid,1.181779426
Tridecanoic acid,1.071031537
Triethanolamine,1.180731562
Trimethylamine N-oxide,1.318683746
Trp,1.19178111
Tyr,1.122187416
Tyr-Arg_divalent,
Tyr-Glu,1.276428265
Tyramine,
Tyrosine methyl ester,1.157053053
UDP,1.999038495
"UDP-glucose
UDP-galactose",1.482831304
UDP-glucuronic acid,1.230408097
"UDP-N-acetylglucosamine
UDP-N-acetylgalactosamine",1.398251162
UMP,1.470364278
Undecanoic acid,
Urea,1.129686014
Uric acid,0.516482717
Urocanic acid,1.418107197
UTP,2.007413929
Val,1.138713223
Val-Pro-Pro,2.172032178
XA0002,
XA0012,1.346647545
XA0055,0.835427966
XA0065,1.023701991
Xanthine,1.322498035
Xanthopterin,1.039947531
Xanthosine,1.532710082
XC0016,1.207011233
"XC0061
Propionylcarnitine",0.931563327
XC0065,1.17688049
XC0071,1.006436383
"XC0089
Nicotinamide riboside",1.320418977
XC0120,0.453335268
XC0126,1.196332085
XC0132,0.839220447
XC0137,0.6852212
Xylulose 5-phosphate,1.612613033
É¿-Ala,1.051011321
É¿-Ala-Lys,1.118531007
É¿-Carboline,
É¿-Hydroxyisovaleric acid,0.811633544
É¡-Butyrobetaine,0.928265125
É¡-Glu-Ala,0.867592963
É¡-Glu-Arg_divalent,1.664306343
É¡-Glu-Asn,1.194650752
É¡-Glu-Asp,1.264391919
É¡-Glu-Cys,1.11978565
É¡-Glu-Gln,0.924362267
É¡-Glu-Glu,1.106279249
É¡-Glu-Gly,0.960738384
"É¡-Glu-Ile
É¡-Glu-Leu",0.950092818
É¡-Glu-Lys_divalent,1.013863435
É¡-Glu-Ornitine,0.828244829
É¡-Glu-Phe,1.096041548
É¡-Glu-Ser,0.959711548
É¡-Glu-Taurine,1.081822898
É¡-Glu-Thr,0.927525272
É¡-Glu-Trp,
É¡-Glu-Val,1.107552493
É¡-Glu-Val-Gly,1.036305458
É¡-Glutamyl-S-Allylcysteine,
,
,
,
,
,
,
